-- =====================================================================
-- Realistic Mock Seed (2026-04-15)
--
-- 범위:
-- - products 재구성 (UI 9종 — R-*/S-*/O-* 일치)
-- - orders +20건 (공기관/건설사 다양한 상태)
-- - order_details 20건
-- - work_orders +6건 (V6 items 생성)
-- - items +300건 (다양한 공정 단계 분포)
-- - transport_tasks +10건
-- - outbound_orders +5건
-- - alerts 정리 (테스트 삭제) + 실현장 20건 추가
--
-- 보존:
-- - 기존 orders 23건, work_orders 3건 + items 150건
-- - equipment 12건, process_stages 8건, inspection_records 30건
-- - warehouse_racks 24건
--
-- 롤백: pg_restore -d ... /tmp/casting-bak/pre_seed_20260415_0917.dump
-- 버전: git tag pre-seed-20260415-0917
-- =====================================================================

BEGIN;

-- ---------------------------------------------------------------------
-- 1) alerts 테스트 정리 (PHASE8-*, UX1-*, ALT-* SLA 테스트)
-- ---------------------------------------------------------------------
DELETE FROM alerts
WHERE id LIKE 'PHASE8-%'
   OR id LIKE 'UX1-%'
   OR (id LIKE 'ALT-%' AND type = 'stage_timeout');

-- ---------------------------------------------------------------------
-- 2) products 재구성 (UI 9종 사양)
--    레거시 4종(D450, D600, D800, GRATING)은 2026-04-15 완전 삭제됨
--    (tag pre-legacy-delete-20260415_154643 + pg_dump 백업 보관)
-- ---------------------------------------------------------------------
INSERT INTO products (id, name, category, base_price, option_pricing_json, design_image_url, model_3d_path) VALUES
  ('R-D450', '원형 맨홀뚜껑 KS D-450', 'round',  75000,
    '{"thickness":{"25mm":0,"30mm":5000,"35mm":10000,"40mm":15000},"load":{"B125":0,"C250":5000,"D400":10000,"E600":20000,"F900":30000}}',
    '/products/round.jpg', NULL),
  ('R-D500', '원형 맨홀뚜껑 KS D-500', 'round',  82000,
    '{"thickness":{"25mm":0,"30mm":5000,"35mm":10000,"40mm":15000},"load":{"B125":0,"C250":5000,"D400":10000,"E600":20000,"F900":30000}}',
    '/products/round.jpg', NULL),
  ('R-D550', '원형 맨홀뚜껑 KS D-550', 'round',  90000,
    '{"thickness":{"25mm":0,"30mm":5000,"35mm":10000,"40mm":15000},"load":{"B125":0,"C250":5000,"D400":10000,"E600":20000,"F900":30000}}',
    '/products/round.jpg', NULL),
  ('S-400',  '사각 맨홀뚜껑 KS S-400',  'square', 68000,
    '{"thickness":{"25mm":0,"30mm":5000,"35mm":10000,"40mm":15000},"load":{"B125":0,"C250":5000,"D400":10000,"E600":20000,"F900":30000}}',
    '/products/square.jpg', NULL),
  ('S-450',  '사각 맨홀뚜껑 KS S-450',  'square', 78000,
    '{"thickness":{"25mm":0,"30mm":5000,"35mm":10000,"40mm":15000},"load":{"B125":0,"C250":5000,"D400":10000,"E600":20000,"F900":30000}}',
    '/products/square.jpg', NULL),
  ('S-500',  '사각 맨홀뚜껑 KS S-500',  'square', 88000,
    '{"thickness":{"25mm":0,"30mm":5000,"35mm":10000,"40mm":15000},"load":{"B125":0,"C250":5000,"D400":10000,"E600":20000,"F900":30000}}',
    '/products/square.jpg', NULL),
  ('O-450',  '타원형 맨홀뚜껑 KS O-450','oval',   72000,
    '{"thickness":{"25mm":0,"30mm":5000,"35mm":10000,"40mm":15000},"load":{"B125":0,"C250":5000,"D400":10000,"E600":20000,"F900":30000}}',
    '/products/oval.jpg', NULL),
  ('O-500',  '타원형 맨홀뚜껑 KS O-500','oval',   80000,
    '{"thickness":{"25mm":0,"30mm":5000,"35mm":10000,"40mm":15000},"load":{"B125":0,"C250":5000,"D400":10000,"E600":20000,"F900":30000}}',
    '/products/oval.jpg', NULL),
  ('O-550',  '타원형 맨홀뚜껑 KS O-550','oval',   88000,
    '{"thickness":{"25mm":0,"30mm":5000,"35mm":10000,"40mm":15000},"load":{"B125":0,"C250":5000,"D400":10000,"E600":20000,"F900":30000}}',
    '/products/oval.jpg', NULL)
ON CONFLICT (id) DO UPDATE SET
  name = EXCLUDED.name,
  category = EXCLUDED.category,
  base_price = EXCLUDED.base_price,
  option_pricing_json = EXCLUDED.option_pricing_json,
  design_image_url = EXCLUDED.design_image_url;

-- ---------------------------------------------------------------------
-- 3) orders +20건 (공기관 + 건설사, 다양한 상태)
-- ---------------------------------------------------------------------
INSERT INTO orders (id, customer_id, customer_name, company_name, contact, shipping_address,
                     total_amount, status, requested_delivery, confirmed_delivery,
                     created_at, updated_at, email) VALUES
  ('ORD-2026-101', 'CUST-LH001',  '박정훈',  '한국토지주택공사(LH)',     '02-3411-3114', '경기 분당구 LH 신사옥',
    15750000, 'approved',            '2026-05-10', NULL, '2026-04-10T09:00:00+09:00', '2026-04-14T14:00:00+09:00', 'contact@lh.or.kr'),
  ('ORD-2026-102', 'CUST-KEPCO01','윤서연',  '한국전력공사',               '061-345-3114', '전남 나주시 빛가람동',
    19800000, 'approved',            '2026-05-15', NULL, '2026-04-11T10:30:00+09:00', '2026-04-14T11:20:00+09:00', 'order@kepco.co.kr'),
  ('ORD-2026-103', 'CUST-KWATER', '조민지',  '한국수자원공사',             '042-629-3114', '대전 대덕구 연축동',
    11440000, 'in_production',       '2026-04-28', '2026-04-30', '2026-04-05T08:15:00+09:00', '2026-04-14T09:00:00+09:00', 'purchase@kwater.or.kr'),
  ('ORD-2026-104', 'CUST-EX001',  '권혁준',  '한국도로공사',               '054-811-3000', '경북 김천시 혁신도시',
    8800000,  'in_production',       '2026-04-22', '2026-04-25', '2026-04-03T13:00:00+09:00', '2026-04-14T10:00:00+09:00', 'order@ex.co.kr'),
  ('ORD-2026-105', 'CUST-KT001',  '이승민',  'KT 네트워크부문',             '031-727-0114', '경기 성남시 분당 KT 사옥',
    7200000,  'approved',            '2026-05-03', NULL, '2026-04-12T14:00:00+09:00', '2026-04-14T08:30:00+09:00', 'facility@kt.com'),
  ('ORD-2026-106', 'CUST-INAIR', '최서영',   '인천국제공항공사',            '032-741-2000', '인천 중구 공항로',
    22000000, 'approved',            '2026-05-20', NULL, '2026-04-13T11:00:00+09:00', '2026-04-14T16:00:00+09:00', 'procurement@airport.kr'),
  ('ORD-2026-107', 'CUST-BPA',    '김재훈',  '부산항만공사',               '051-999-3000', '부산 중구 해관로',
    9900000,  'in_production',       '2026-04-30', '2026-05-02', '2026-04-06T09:00:00+09:00', '2026-04-14T14:00:00+09:00', 'purchase@busanpa.com'),
  ('ORD-2026-108', 'CUST-HAN01', '정우성',   '한강유역환경청',              '031-790-2700', '경기 하남시 한강로',
    4400000,  'approved',            '2026-05-05', NULL, '2026-04-13T15:00:00+09:00', '2026-04-14T10:00:00+09:00', 'admin@hanriver.go.kr'),
  ('ORD-2026-109', 'CUST-HYUND', '강지원',   '현대건설',                   '02-746-1114',  '서울 종로구 율곡로',
    18400000, 'in_production',       '2026-04-25', '2026-04-27', '2026-04-02T10:00:00+09:00', '2026-04-14T13:00:00+09:00', 'order@hdec.co.kr'),
  ('ORD-2026-110', 'CUST-GS01',  '박서연',   'GS건설',                     '02-2154-1114', '서울 종로구 종로',
    13200000, 'in_production',       '2026-04-26', '2026-04-28', '2026-04-04T11:00:00+09:00', '2026-04-14T11:00:00+09:00', 'procurement@gsenc.com'),
  ('ORD-2026-111', 'CUST-SS01',  '한예진',   '삼성물산',                   '02-2145-1114', '서울 강동구 상일로',
    16100000, 'approved',            '2026-05-08', NULL, '2026-04-12T09:30:00+09:00', '2026-04-14T09:00:00+09:00', 'order@samsung.co.kr'),
  ('ORD-2026-112', 'CUST-POSCO','장민호',    '포스코건설',                 '032-450-8500', '인천 연수구 컨벤시아대로',
    7700000,  'approved',            '2026-05-12', NULL, '2026-04-13T10:15:00+09:00', '2026-04-14T14:00:00+09:00', 'purchase@posco.com'),
  ('ORD-2026-113', 'CUST-DAEL', '오성민',    'DL이앤씨',                   '02-2011-7114', '서울 종로구 신문로',
    10010000, 'production_completed','2026-04-15', '2026-04-15', '2026-03-28T08:00:00+09:00', '2026-04-14T18:00:00+09:00', 'order@dlconst.co.kr'),
  ('ORD-2026-114', 'CUST-DWE01','류현진',    '대우건설',                   '02-2288-3114', '서울 중구 을지로',
    12320000, 'in_production',       '2026-04-24', '2026-04-26', '2026-04-01T09:00:00+09:00', '2026-04-14T15:00:00+09:00', 'procurement@daewooenc.com'),
  ('ORD-2026-115', 'CUST-SK01', '송지효',    'SK에코플랜트',                '02-3709-3114', '서울 종로구 율곡로',
    9240000,  'approved',            '2026-05-06', NULL, '2026-04-12T11:00:00+09:00', '2026-04-14T10:00:00+09:00', 'order@skec.co.kr'),
  ('ORD-2026-116', 'CUST-KWON', '권동욱',    '(주)광원건설',                '031-654-8800', '경기 용인시 기흥구',
    3520000,  'pending',             '2026-05-20', NULL, '2026-04-14T08:00:00+09:00', '2026-04-14T08:00:00+09:00', 'contact@kwangwon.co.kr'),
  ('ORD-2026-117', 'CUST-SEW01','서민지',    '(주)세우건설',                '032-822-3400', '인천 남동구 구월동',
    5280000,  'completed',           '2026-04-10', '2026-04-12', '2026-03-25T09:00:00+09:00', '2026-04-12T17:00:00+09:00', 'order@sewoo.co.kr'),
  ('ORD-2026-118', 'CUST-JEIL','이주혁',     '제일엔지니어링',              '02-2652-3300', '서울 영등포구 여의대방로',
    6050000,  'approved',            '2026-05-14', NULL, '2026-04-13T13:30:00+09:00', '2026-04-14T09:00:00+09:00', 'order@jeileng.co.kr'),
  ('ORD-2026-119', 'CUST-HANSO','문수빈',   '(주)한소엔지니어링',           '031-273-3400', '경기 안산시 단원구',
    2640000,  'production_completed','2026-04-16', '2026-04-16', '2026-04-01T10:00:00+09:00', '2026-04-14T17:30:00+09:00', 'contact@hanso.co.kr'),
  ('ORD-2026-120', 'CUST-LHR',  '배진서',   'LH 경기지역본부',              '031-738-4114', '경기 성남시 분당구',
    14000000, 'approved',            '2026-05-11', NULL, '2026-04-11T15:00:00+09:00', '2026-04-14T16:00:00+09:00', 'gyeonggi@lh.or.kr')
ON CONFLICT (id) DO NOTHING;

-- ---------------------------------------------------------------------
-- 4) order_details (20건, UI 사양 준수)
--    spec 표준: "직경 NNNmm / 두께 NNmm / 하중 EN124 XXXX"
--    material: FC200 / FC250 / GCD450 / GCD500
-- ---------------------------------------------------------------------
INSERT INTO order_details (id, order_id, product_id, product_name, quantity, spec, material, post_processing, unit_price, subtotal) VALUES
  ('OD-101', 'ORD-2026-101', 'R-D500', '원형 맨홀뚜껑 KS D-500', 150, '직경 500mm / 두께 35mm / 하중 EN124 D400', 'GCD500', '방청 코팅',                     105000,  15750000),
  ('OD-102', 'ORD-2026-102', 'R-D550', '원형 맨홀뚜껑 KS D-550', 180, '직경 550mm / 두께 40mm / 하중 EN124 E600', 'GCD500', '방청 코팅, 로고 각인',          110000,  19800000),
  ('OD-103', 'ORD-2026-103', 'R-D450', '원형 맨홀뚜껑 KS D-450', 130, '직경 450mm / 두께 30mm / 하중 EN124 D400', 'GCD450', '아연 도금',                     88000,   11440000),
  ('OD-104', 'ORD-2026-104', 'S-450',  '사각 맨홀뚜껑 KS S-450',  100, '450x450mm / 두께 35mm / 하중 EN124 D400', 'FC250',  '방청 코팅',                     88000,   8800000),
  ('OD-105', 'ORD-2026-105', 'R-D450', '원형 맨홀뚜껑 KS D-450',  80,  '직경 450mm / 두께 30mm / 하중 EN124 C250', 'FC250',  '표면 연마',                     90000,   7200000),
  ('OD-106', 'ORD-2026-106', 'R-D550', '원형 맨홀뚜껑 KS D-550', 200, '직경 550mm / 두께 40mm / 하중 EN124 F900', 'GCD500', '방청 코팅, 아연 도금, 로고 각인', 110000,  22000000),
  ('OD-107', 'ORD-2026-107', 'R-D500', '원형 맨홀뚜껑 KS D-500',  90,  '직경 500mm / 두께 35mm / 하중 EN124 E600', 'GCD500', '아연 도금',                     110000,  9900000),
  ('OD-108', 'ORD-2026-108', 'O-450',  '타원형 맨홀뚜껑 KS O-450', 50, '450x300mm / 두께 30mm / 하중 EN124 C250', 'FC250',  '방청 코팅',                     88000,   4400000),
  ('OD-109', 'ORD-2026-109', 'S-500',  '사각 맨홀뚜껑 KS S-500', 160, '500x500mm / 두께 40mm / 하중 EN124 D400', 'GCD450', '방청 코팅, 로고 각인',          115000,  18400000),
  ('OD-110', 'ORD-2026-110', 'R-D500', '원형 맨홀뚜껑 KS D-500', 120, '직경 500mm / 두께 35mm / 하중 EN124 D400', 'GCD450', '방청 코팅',                     110000,  13200000),
  ('OD-111', 'ORD-2026-111', 'S-450',  '사각 맨홀뚜껑 KS S-450', 140, '450x450mm / 두께 35mm / 하중 EN124 D400', 'GCD500', '아연 도금, 로고 각인',          115000,  16100000),
  ('OD-112', 'ORD-2026-112', 'O-500',  '타원형 맨홀뚜껑 KS O-500',70,  '500x350mm / 두께 35mm / 하중 EN124 C250', 'FC250',  '표면 연마',                     110000,  7700000),
  ('OD-113', 'ORD-2026-113', 'R-D550', '원형 맨홀뚜껑 KS D-550',  91,  '직경 550mm / 두께 40mm / 하중 EN124 E600', 'GCD500', '방청 코팅',                     110000,  10010000),
  ('OD-114', 'ORD-2026-114', 'S-500',  '사각 맨홀뚜껑 KS S-500', 112, '500x500mm / 두께 40mm / 하중 EN124 D400', 'GCD450', '방청 코팅',                     110000,  12320000),
  ('OD-115', 'ORD-2026-115', 'R-D450', '원형 맨홀뚜껑 KS D-450', 110, '직경 450mm / 두께 30mm / 하중 EN124 D400', 'FC250',  '아연 도금',                     84000,   9240000),
  ('OD-116', 'ORD-2026-116', 'O-450',  '타원형 맨홀뚜껑 KS O-450', 40, '450x300mm / 두께 25mm / 하중 EN124 B125', 'FC200',  '표면 연마',                     88000,   3520000),
  ('OD-117', 'ORD-2026-117', 'R-D450', '원형 맨홀뚜껑 KS D-450',  60,  '직경 450mm / 두께 30mm / 하중 EN124 C250', 'FC250',  '방청 코팅',                     88000,   5280000),
  ('OD-118', 'ORD-2026-118', 'S-400',  '사각 맨홀뚜껑 KS S-400',  75,  '400x400mm / 두께 30mm / 하중 EN124 D400', 'FC250',  '방청 코팅, 로고 각인',          80666,   6050000),
  ('OD-119', 'ORD-2026-119', 'O-550',  '타원형 맨홀뚜껑 KS O-550', 30, '550x400mm / 두께 35mm / 하중 EN124 C250', 'FC250',  '표면 연마, 아연 도금',          88000,   2640000),
  ('OD-120', 'ORD-2026-120', 'R-D500', '원형 맨홀뚜껑 KS D-500', 140, '직경 500mm / 두께 35mm / 하중 EN124 D400', 'GCD500', '방청 코팅',                     100000,  14000000)
ON CONFLICT (id) DO NOTHING;

-- ---------------------------------------------------------------------
-- 5) work_orders +6건 (in_production 주문으로부터)
--    기존 id 1,2,3 유지. 4~9 추가
-- ---------------------------------------------------------------------
INSERT INTO work_orders (order_id, pattern_id, qty, status, plan_start, act_start, act_end) VALUES
  ('ORD-2026-103', 'PTN-20260405', 130, 'PROC', '2026-04-05T09:00:00+09:00', '2026-04-06T08:30:00+09:00', NULL),
  ('ORD-2026-104', 'PTN-20260403', 100, 'PROC', '2026-04-03T13:30:00+09:00', '2026-04-04T09:00:00+09:00', NULL),
  ('ORD-2026-107', 'PTN-20260406',  90, 'PROC', '2026-04-06T09:30:00+09:00', '2026-04-07T08:00:00+09:00', NULL),
  ('ORD-2026-109', 'PTN-20260402', 160, 'PROC', '2026-04-02T10:30:00+09:00', '2026-04-03T08:30:00+09:00', NULL),
  ('ORD-2026-110', 'PTN-20260404', 120, 'PROC', '2026-04-04T11:30:00+09:00', '2026-04-05T09:00:00+09:00', NULL),
  ('ORD-2026-114', 'PTN-20260401', 112, 'PROC', '2026-04-01T09:30:00+09:00', '2026-04-02T08:00:00+09:00', NULL);

-- ---------------------------------------------------------------------
-- 6) items — 각 신규 work_order 마다 qty 만큼 생성, 공정 단계 분포 섞음
--    Generator: generate_series + CASE 로 stage 분포
-- ---------------------------------------------------------------------
-- 공정 분포 (6건 work_order 평균):
--   QUE 20% / MM 20% / DM 10% / TR_PP 5% / PP 20% / IP 10% / TR_LD 10% / SH 5%
--
-- ⚠️ 중요: mfg_at 은 "현재 시각 근처" 만 사용. 과거 시각 넣으면 ExecutionMonitor 가
--         수백 item 을 SLA 초과로 인식 → alerts 폭주 + PyQt CPU 100% (2026-04-15 사고).
INSERT INTO items (order_id, work_order_id, cur_stage, curr_res, insp_id, mfg_at)
SELECT
  wo.order_id,
  wo.id,
  (ARRAY['QUE','QUE','MM','MM','DM','TR_PP','PP','PP','PP','IP','TR_LD','TR_LD','SH'])[(n % 13) + 1],
  (ARRAY[NULL,NULL,'ARM-001','ARM-002','ARM-001',NULL,'ARM-003',NULL,'ARM-003',NULL,'AMR-001','AMR-002','AMR-003'])[(n % 13) + 1],
  NULL,
  -- 현재 시각 ± 30초 랜덤 (SLA 정상 범위). 과거 시각 절대 금지.
  to_char(now() at time zone 'UTC' - (random() * INTERVAL '30 seconds'),
          'YYYY-MM-DD"T"HH24:MI:SS.US"+00:00"')
FROM work_orders wo
CROSS JOIN generate_series(1, wo.qty) AS n
WHERE wo.id >= 4;  -- 신규 WO 만 (기존 1,2,3 건너뜀)

-- ---------------------------------------------------------------------
-- 7) transport_tasks +10건 (이송 진행 상태 다양화)
-- ---------------------------------------------------------------------
INSERT INTO transport_tasks (id, from_name, from_coord, to_name, to_coord,
                              item_id, item_name, quantity, priority, status,
                              assigned_robot_id, requested_at, completed_at) VALUES
  ('TT-101', '주조 구역', '(0.5, 1.0)', '후처리 구역', '(0.5, 1.5)', 'R-D500', '원형 맨홀뚜껑 KS D-500', 10, 'high',   'in_progress', 'AMR-001', '2026-04-15T08:30:00+09:00', NULL),
  ('TT-102', '후처리 구역', '(0.5, 1.5)', '검사 구역', '(0.7, 1.5)', 'R-D550', '원형 맨홀뚜껑 KS D-550',  8, 'normal', 'in_progress', 'AMR-002', '2026-04-15T08:45:00+09:00', NULL),
  ('TT-103', '검사 구역', '(0.7, 1.5)', '적재 구역', '(0.9, 0.3)',   'S-450',  '사각 맨홀뚜껑 KS S-450',  15, 'normal', 'pending',     NULL,       '2026-04-15T09:00:00+09:00', NULL),
  ('TT-104', '주조 구역', '(0.5, 1.0)', '후처리 구역', '(0.5, 1.5)',  'O-500',  '타원형 맨홀뚜껑 KS O-500', 6, 'high',   'pending',     NULL,       '2026-04-15T09:05:00+09:00', NULL),
  ('TT-105', '검사 구역', '(0.7, 1.5)', '불량 적재', '(0.95, 1.8)',   'R-D450', '원형 맨홀뚜껑 KS D-450',   1, 'urgent', 'completed',   'AMR-003',  '2026-04-15T07:00:00+09:00', '2026-04-15T07:15:00+09:00'),
  ('TT-106', '적재 구역', '(0.9, 0.3)', '출고 구역', '(1.0, 0.1)',    'R-D550', '원형 맨홀뚜껑 KS D-550',  30, 'high',   'completed',   'AMR-001',  '2026-04-14T16:00:00+09:00', '2026-04-14T16:20:00+09:00'),
  ('TT-107', '주조 구역', '(0.5, 1.0)', '후처리 구역', '(0.5, 1.5)', 'S-500',  '사각 맨홀뚜껑 KS S-500',  12, 'normal', 'in_progress', 'AMR-002',  '2026-04-15T09:10:00+09:00', NULL),
  ('TT-108', '후처리 구역', '(0.5, 1.5)', '검사 구역', '(0.7, 1.5)', 'S-450',  '사각 맨홀뚜껑 KS S-450',   9, 'normal', 'pending',     NULL,       '2026-04-15T09:15:00+09:00', NULL),
  ('TT-109', '검사 구역', '(0.7, 1.5)', '적재 구역', '(0.9, 0.3)',   'R-D500', '원형 맨홀뚜껑 KS D-500',  20, 'high',   'completed',   'AMR-003',  '2026-04-15T08:00:00+09:00', '2026-04-15T08:25:00+09:00'),
  ('TT-110', '주조 구역', '(0.5, 1.0)', '후처리 구역', '(0.5, 1.5)',  'O-550',  '타원형 맨홀뚜껑 KS O-550', 5, 'normal', 'pending',     NULL,       '2026-04-15T09:20:00+09:00', NULL)
ON CONFLICT (id) DO NOTHING;

-- ---------------------------------------------------------------------
-- 8) outbound_orders +5건
-- ---------------------------------------------------------------------
INSERT INTO outbound_orders (id, product_id, product_name, quantity, destination, policy, completed, created_at) VALUES
  ('OB-101', 'R-D500', '원형 맨홀뚜껑 KS D-500', 150, '경기 분당구 LH 신사옥',      'FIFO', FALSE, '2026-04-14T14:00:00+09:00'),
  ('OB-102', 'R-D550', '원형 맨홀뚜껑 KS D-550',  91,  '서울 종로구 신문로',          'FIFO', FALSE, '2026-04-14T15:00:00+09:00'),
  ('OB-103', 'R-D450', '원형 맨홀뚜껑 KS D-450',  60,  '인천 남동구 구월동',          'LIFO', TRUE,  '2026-04-12T10:00:00+09:00'),
  ('OB-104', 'O-550',  '타원형 맨홀뚜껑 KS O-550', 30, '경기 안산시 단원구',          'FIFO', FALSE, '2026-04-14T17:00:00+09:00'),
  ('OB-105', 'S-450',  '사각 맨홀뚜껑 KS S-450',  140, '서울 강동구 상일로',          'FIFO', FALSE, '2026-04-14T16:30:00+09:00')
ON CONFLICT (id) DO NOTHING;

-- ---------------------------------------------------------------------
-- 9) alerts 실현장 20건 추가 (운영감 있는 현장 알람)
-- ---------------------------------------------------------------------
INSERT INTO alerts (id, equipment_id, type, severity, error_code, message, abnormal_value, zone, timestamp, acknowledged) VALUES
  ('ALERT-F-001', 'FRN-001', 'temperature_high',    'critical', 'TEMP_OVER',  '용해로 FRN-001 온도 1520℃ (임계 1500℃ 초과)',        '1520°C',  'MM',    '2026-04-15T07:20:00+09:00', FALSE),
  ('ALERT-F-002', 'AMR-003', 'battery_low',         'warning',  'BAT_LOW',    'AMR-003 배터리 18% — 충전 스테이션 복귀 필요',        '18%',     'TR_LD', '2026-04-15T08:15:00+09:00', FALSE),
  ('ALERT-F-003', 'ARM-002', 'communication_error', 'warning',  'COMM_FAIL',  'Cobot ARM-002 ROS2 통신 단절 3회 (자동 재연결)',      '3회',      'DM',    '2026-04-15T07:50:00+09:00', TRUE),
  ('ALERT-F-004', 'CONV-001', 'sensor_anomaly',     'warning',  'SENS_TOF',   '컨베이어 CONV-001 TOF250 센서 변동값 과다',           '±15mm',    NULL,    '2026-04-15T06:45:00+09:00', TRUE),
  ('ALERT-F-005', 'MLD-001', 'mold_wear',           'info',     'WEAR_EST',   '주형 MLD-001 1000사이클 경과 — 교체 권장',            '1023회',   'MM',    '2026-04-14T18:00:00+09:00', FALSE),
  ('ALERT-F-006', 'CLZ-001', 'cooling_delay',       'warning',  'COOL_SLOW',  '냉각 CLZ-001 예상 완료 시각 7분 지연',                '7분',      'DM',    '2026-04-15T08:40:00+09:00', FALSE),
  ('ALERT-F-007', 'ARM-003', 'cycle_timeout',       'warning',  'TO_CYC',     'Cobot ARM-003 후처리 사이클 타임아웃',                '65s',     'PP',    '2026-04-15T07:30:00+09:00', TRUE),
  ('ALERT-F-008', 'AMR-001', 'obstacle_detected',   'info',     'OBSTACLE',   'AMR-001 경로 상 장애물 감지 — 우회 완료',              '-',        'TR_PP', '2026-04-15T08:05:00+09:00', TRUE),
  ('ALERT-F-009', 'CAM-INSP-01', 'vision_blur',     'info',     'BLUR',       '검사 카메라 CAM-INSP-01 초점 흐림 — 재촬영',           '-',        'IP',    '2026-04-15T07:15:00+09:00', TRUE),
  ('ALERT-F-010', 'FRN-001', 'material_low',        'warning',  'MAT_LOW',    '용해로 원재료 15% 미만 (보충 필요)',                  '12%',     'MM',    '2026-04-14T23:00:00+09:00', FALSE),
  ('ALERT-F-011', 'ARM-001', 'force_exceeded',      'warning',  'FORCE',      'Cobot ARM-001 grip force 상한 초과 1회',              '42N',     'DM',    '2026-04-15T06:00:00+09:00', TRUE),
  ('ALERT-F-012', 'AMR-002', 'lidar_noise',         'info',     'LIDAR_NZ',   'AMR-002 LiDAR 노이즈 수치 상승 (일시적)',             '0.08',    NULL,    '2026-04-15T05:30:00+09:00', TRUE),
  ('ALERT-F-013', 'FRN-002', 'idle_long',           'info',     'IDLE',       '용해로 FRN-002 120분 유휴 — 전력 절약 모드',          '120분',   'MM',    '2026-04-14T22:00:00+09:00', TRUE),
  ('ALERT-F-014', 'INS-01',  'defect_rate_high',    'critical', 'QC_DEF',     '검사 라인 불량률 5% 초과 (최근 1시간)',                '6.2%',    'IP',    '2026-04-15T08:00:00+09:00', FALSE),
  ('ALERT-F-015', 'MLD-002', 'temperature_drop',    'warning',  'TEMP_LOW',   '주형 MLD-002 온도 1430℃ (하한 1450℃ 미달)',          '1430°C',  'MM',    '2026-04-15T07:00:00+09:00', TRUE),
  ('ALERT-F-016', 'ARM-002', 'joint_torque',        'info',     'TORQUE',     'Cobot ARM-002 관절 J3 토크 peak 90%',                 '90%',     'DM',    '2026-04-15T05:00:00+09:00', TRUE),
  ('ALERT-F-017', 'AMR-003', 'docking_retry',       'warning',  'DOCK_RETRY', 'AMR-003 충전 도킹 재시도 3회',                        '3회',     NULL,    '2026-04-15T04:00:00+09:00', TRUE),
  ('ALERT-F-018', 'CONV-002', 'belt_speed_drift',   'info',     'BELT_DRIFT', '컨베이어 CONV-002 속도 변동 ±5%',                     '±5%',     NULL,    '2026-04-14T23:30:00+09:00', TRUE),
  ('ALERT-F-019', 'CAM-INSP-02', 'network_packet',  'warning',  'NET_PKT',    '검사 카메라 CAM-INSP-02 packet loss 2%',              '2%',      'IP',    '2026-04-15T01:00:00+09:00', TRUE),
  ('ALERT-F-020', 'FRN-001', 'gas_pressure',        'critical', 'GAS_HI',     '용해로 가스 압력 상한 초과 — 자동 차단',                '7.8bar',  'MM',    '2026-04-15T03:30:00+09:00', FALSE)
ON CONFLICT (id) DO NOTHING;

-- ---------------------------------------------------------------------
-- 최종 COMMIT
-- ---------------------------------------------------------------------
COMMIT;
